video_ID	Race	Gender	Age
1a2Fsfa8e4I	white	Man	35
2BhFwi9taz4	white	Man	31
0jXcMGxZxVU	asian	Woman	32
0HznQHQvmxY	white	Man	29
4yjxdO6ObKM	white	Man	34
0fUG99bt9PQ	white	Man	35
2tWz5-Bq5gs	white	Woman	34
2V-Zqlnc6Fg	latino hispanic	Woman	34
4d0qkp8R-1s	latino hispanic	Man	29
Qyqka2QKGTo	white	Man	35
4XKm-UZzJPM	white	Woman	39
frYtfvxXPrc	latino hispanic	Man	42
1nnzHP_GQxw	asian	Man	33
1ezZOJ-1xJg	asian	Man	31
6BokwtY5hbY	white	Woman	34
4QO-sYlplHs	asian	Man	37
TpsQ3qbyWks	white	Woman	32
7sVyzgWqWbQ	indian	Man	33
_8-elEw7tZM	white	Man	31
2K8MWkE5ViM	latino hispanic	Man	34
1kNVWuSA8_o	middle eastern	Man	38
2TlmmzVSe9o	white	Woman	34
crluCkBImjE	white	Woman	29
1YEBrRfY2aw	white	Man	29
5KHkF3QSgPQ	middle eastern	Man	37
g4MwvHyiJs0	white	Man	34
2OlOpWILddQ	white	Man	38
e9fqMNiVs9Q	black	Man	29
5Lc6G9XAozI	white	Man	29
5Rr2NUjoTjo	white	Woman	36
pcO-alfiyEo	white	Man	36
1i6w0N3DG8o	middle eastern	Woman	34
_4b-5CW8_h0	black	Man	31
5wS3qtQyue4	white	Woman	32
5gUH_7AcQFs	middle eastern	Man	26
3yMzThXmij4	black	Man	30
0DHA0CvvF4k	white	Man	33
_hKYT6taKOQ	white	Man	30
4CaLSzBXZaM	white	Man	27
0f3p9SV1cH4	black	Man	31
1sCCNnSXj1o	white	Woman	32
1RulT5R_4ng	asian	Woman	34
1DKrqtPBBB0	latino hispanic	Man	39
5zvUlU_9PJE	latino hispanic	Man	36
4RJTpYhM9aU	white	Man	31
YZiITCnnFbwQ	white	Man	32
5iq2mKoaHYA	white	Woman	35
1DX5mdLMTIc	white	Man	34
3CAQ0ydXatM	white	Man	34
6E55JuMp2OY	white	Man	34
jDYKaGxJ1Kc	white	Man	31
3exBHVItHZo	white	Man	33
0TYlwWp1f3M	white	Woman	34
_cJHX3_LirI	middle eastern	Man	45
2_-GiiulAw8	white	Man	39
4VgOavmhVsQ	latino hispanic	Man	31
5yYyfzWQya0	white	Woman	29
AwCx0eeuoww	black	Woman	36
4YGWbAosr-c	asian	Man	33
-cWmJgM3oLA	indian	Man	29
2bhcqzPq15o	white	Man	31
0hGYFY2Yf2c	middle eastern	Man	40
2H6VRcAF6lk	asian	Man	32
1tD0R3P534U	white	Man	32
2SqFEYPjBn0	white	Man	33
Qa1OjcZVKf0	white	Woman	31
ejmo9WfWDys	indian	Man	30
_HmRSMINhiM	white	Man	32
_Sx2xdS62RE	white	Man	30
Bz5AjMAA8fg	white	Man	33
4KJrK949t40	white	Man	32
1HKBcJOfck4	white	Man	32
1oWXq_Bltjg	white	Man	29
sJGaxqME0DE	white	Man	29
2_Px31DBQes	indian	Man	43
2g3LIjNxMgo	asian	Man	31
-3sWWYJaOG4	asian	Man	33
_DdtOApBrEE	white	Man	28
1w-D0gzGvvw	white	Man	31
IRwxy_UVYHw	white	Woman	37
7J4zxSh_yPg	white	Man	37
OLZ4ieKS2sg	white	Man	35
1mF4plZ1sXU	black	Man	26
C3ac8l7UMpk	white	Man	35
4y7JcA5nnxc	white	Man	36
Y8xY3EusqZs	white	Man	36
2Qm-DHLBaLo	black	Woman	32
3F4YmcHuHBo	asian	Man	35
0zot0BS1-x4	white	Man	38
Jk5IXhB9ZXM	asian	Man	31
0FgbzbGpfZ0	asian	Man	28
4fhkulwd8uQ	white	Man	41
Fb08d7jlhss	latino hispanic	Woman	37
1FecOjMsgMw	white	Man	27
cmUXo4Crrm0	latino hispanic	Man	29
BZwz62G9asY	white	Man	27
0StiAI0huo4	asian	Woman	32
_tlFWEJRpoA	black	Man	44
5kyEOCPnxH4	white	Woman	30
eOsY84oYqKg	white	Man	29
uR2ksqDy5os	white	Man	36
_fRotchCjvo	latino hispanic	Man	33
4PPUAoAB_dM	white	Man	37
_FMFVqVBwjE	white	Man	31
XcoqTLHYe2k	white	Man	32
3h4FpkGQWkA	white	Man	32
sOIREEp4254	asian	Man	36
4Tgs0udy7C4	asian	Woman	31
_Tnzh88UJjk	black	Man	29
2ehuLjwS-nI	middle eastern	Man	43
4hCeFgxZxns	white	Woman	25
_jTONzBMOfU	white	Man	33
HK8M-wOzgXk	white	Man	33
0XRhgSGJfdY	white	Woman	32
2SVBwF7uMAQ	middle eastern	Man	39
0eQwcA_pUTc	white	Man	36
1vIy8KexhbQ	asian	Woman	35
1FecOjMsgMw.	white	Man	28
5pD9HnPYQao	white	Man	28
6rdVoHkJQPU	latino hispanic	Man	35
_3MWDLCaGx0	white	Woman	37
Ip9sBqR6VmY	white	Woman	34
XJWBHfbSqEE	white	Man	39
IJV1HeuiwWg	white	Woman	34
3GLhwx_G5gE	asian	Woman	35
_QlTCcel4S4	white	Woman	34
2N_8I-1U_Hs	white	Woman	36
A2aZZgdHM	white	Man	37
5OmKjrKmZSU	white	Woman	33
2RRsOqinpkU	latino hispanic	Man	40
3NN1gAa8Mrg	white	Woman	32
c-15dTH2-A4	white	Woman	32
6aa_AseIQxo	white	Woman	33
6A3QkeygFZc	white	Woman	37
0apLQRf9OC4	asian	Man	29
hCg1GRogOlg	white	Woman	36
Vs6HV3c78g4	white	Man	36
_2xKPrsUp2I	indian	Man	30
uYuQV6KWrlI	white	Woman	36
SQ4dWSgmV68	white	Man	31
ZJ35yfFViYY	latino hispanic	Woman	34
2hOSAvCZ8Kg	latino hispanic	Man	33
5mQbNZyPJhM	latino hispanic	Man	31
3-DNPgiuje0	white	Man	35
0BjcHx38lCA	white	Woman	33
4jq_OaOkGb8	white	Man	24
3X-yMBviWAk	indian	Man	32
_nOf7_YPs5U	asian	Woman	33
_XLdw7Oqjmk	white	Man	36
3RmIqdiy2Z0	asian	Man	33
3DoNzdZgj2o	asian	Man	34
5pvnjbrfoX0	white	Woman	30
2o9bKzmWCWg	white	Woman	36
3Ydek5XDh-c	latino hispanic	Man	27
_PK9ZT-I2v0	white	Man	36
4iDx9GMCYoY	white	Woman	36
1FsjFcg6v9Q	white	Woman	39
TJPCLmNe2Es	asian	Man	29
9M72oTDgBgc	white	Man	33
emLxQ_T6o9U	white	Man	33
6aT9xuX3_tM	black	Man	30
_9_jkzKmO6E	middle eastern	Man	34
LyyhcJyOGDs	indian	Man	35
_Wjw7lHTSws	indian	Man	30
MQllJZz3zD0	white	Woman	33
0NxAonbG_-w.	white	Woman	35
d_z5Gf98CzM	white	Woman	41
2yIleXRuSwI	white	Man	35
1vuxVMhz9KE	white	Woman	34
3EoZvLH5PUk	middle eastern	Man	31
5t9OJAe8Qbo	middle eastern	Man	31
3N4EQzdGFEQ	white	Woman	29
eLLM2HDeEeM	white	Woman	32
pICzegjGnOY	white	Woman	33
1PyrXtYON1k	white	Man	30
GRJMirsaJJU	white	Man	42
4x2-POfCIMw	white	Man	34
01K_orL6tMc	white	Man	39
Oyzqn3--thk	middle eastern	Man	35
3xdlzHyysNk	middle eastern	Man	44
2vpRQpHkszo	white	Man	29
cSJxstCVITY	white	Woman	32
j2YX4b7KWwQ	black	Man	31
1RE4cXeX7Po	white	Woman	34
5pURzPRdELY	middle eastern	Man	33
4-H4Q8iQYD0	black	Man	29
2gLqVr8VVKU	white	Man	31
5KW4oBS-270	asian	Man	31
3KGUTwORnzQ	asian	Man	31
5WHKZrGaSJo	white	Woman	35
0TENB5SaoW0	asian	Man	38
5nEnB97_W6I	asian	Man	30
_eoIfyTKotI	black	Man	36
2_ZtJa_tcTo	asian	Man	30
KqzaKro5Bt0	white	Man	39
4X0jKnpc7lQ	white	Man	36
_sXWr1bhsqo	latino hispanic	Woman	34
FnIf3OPDBFM	white	Man	35
1e_jZD4IHKw.	asian	Man	29
wmCJi5dYJQM	white	Woman	35
_fCqEIn7ccA	white	Woman	37
0-h7haNhAic	white	Man	36
DTQSNLSfUgc	white	Man	47
2vqUozfh8yE	white	Woman	45
0jmmefuDIDo	white	Woman	33
0qFOpp55IFQ	white	Man	33
QfRpnA3CKos	asian	Man	36
2TiuzhZRmXs	white	Man	36
0vXd-IoGNtk	white	Woman	33
3J7oLc7hNVo	white	Man	45
3e68SzKBiqM	white	Man	37
2H0m6YOJaaw	white	Woman	36
_K0--zTBoHQ	white	Woman	29
h2d9YRAz2dc	white	Man	30
_TnDr8cKums	white	Woman	33
3lGIXAgY7b0	white	Woman	41
2-4IuUA84aM	white	Woman	36
5kLPolHp5YY	indian	Man	23
QsSZNetJIuA	white	Man	36
lXhgKLLyO	white	Man	38
1NuIRZaz7Ic	white	Woman	35
1Q_M00TJ8c4	white	Man	37
0mjULAipA3o	white	Woman	40
X9nOmQWov3E	asian	Man	32
8xz4VCgx-uE	asian	Woman	31
MhKLI4qjBTc	white	Woman	32
1elEeIqzJlA	white	Woman	35
0X_v4hB7vzU	white	Man	30
1lw9niUIq10	white	Man	27
5IZ9aC5B2yo	white	Woman	34
01GJvdbTYhY	white	Man	45
4AqIW7StwIg	white	Man	34
_WneJYizxpA	white	Woman	33
BUp6JBMTw0o	white	Man	33
2KfiNn9SF3o	white	Man	32
6d2iWY_zGTs	white	Man	32
3S51e_2Us6g	asian	Man	31
_Itkkce9FoQ	white	Woman	31
fVsUTmRDCRU	white	Woman	38
EugNhCqnEx4	white	Woman	33
0X8ndfTOVHw	white	Man	27
4DTSy-veXmo	white	Man	34
Sp85v8ldnUw	white	Man	32
Pl28IILPDTU	white	Man	35
2M3tKFajs90	white	Woman	33
5C_YMh1oqmg	white	Woman	38
t0JF2Gbv1XQ	white	Man	28
4y7VKxjnt_c	white	Woman	37
6buIk5Qggt0	asian	Man	27
pAhHxt663pU	white	Woman	33
_f97dPx2vjI	latino hispanic	Man	31
_eTAUmqG7b8	white	Man	30
S8o4RAhqoGM	white	Man	35
2Q5_n6DjT2I	middle eastern	Man	34
4Rj2vEYcROo	white	Man	31
2jgfeKGmxBs	white	Woman	35
3OnjsJzAp7c	asian	Man	32
1IDew7-xdyo	white	Woman	36
mx9v2Uqdtow	black	Man	27
z1Dsg6azqd4	asian	Man	34
2zrGFFTbhEc	black	Man	37
bgExwjUEN38	black	Man	27
4Fsymlt2WLs	black	Man	30
